index,correct_text,correct_index,model_index,results
3,faster,Option 2,-1,"<s> [INST] Answer this question given two options: The lamborghini weighs 1485 Kg and the truck weighs around 8845 Kg so in the race lamborghini accelerated?  Option 1: slower. Option 2: faster [/INST]  Based on the information provided, the Lamborghini weighs 1485 kg and the truck weighs around 8845 kg. To determine which option is faster in the race, we need to calculate the acceleration of each vehicle.

Acceleration is calculated by dividing the change in velocity by the time it takes to achieve that change in velocity. In this case, let's assume the race is 100 meters long.

For the Lamborghini:

* Initial velocity = 0 km/h (since it's starting from rest)
* Final velocity = 100 km/h (since it needs to cover 100 meters in 100 seconds)
* Time = 100 seconds
* Acceleration = (final velocity - initial velocity) / time = (100 km/h - 0 km/h) / 100 seconds = 100 km/h^2

For the truck:

* Initial velocity = 0 km/h (since it's starting from rest)
* Final velocity = 8845 km/h (since it needs to cover 100 meters in 100 seconds)
* Time = 100 seconds
* Acceleration = (final velocity - initial velocity) / time = (8845 km/h - 0 km/h) / 100 seconds = 8845 km/h^2
"
5,driveway.,Option 2,0,"<s> [INST] Answer this question given two options: James is watching it rain one day. He notices that the rain travels over the driveway in 5 secs and the bumpy shingles of his house's roof in 10 secs, the driveway and the shingles are almost similar in size. Which surface is more smooth?  Option 1: roof. Option 2: driveway. [/INST]  Based on the information provided, the surface that is more smooth is the roof.

According to James' observations, the rain travels over the driveway in 5 seconds, which means that the driveway is rougher than the roof. If the driveway were perfectly smooth, the rain would take the same amount of time to travel over it as it does over the roof. However, since the driveway is bumpy, it takes longer for the rain to travel over it.

On the other hand, the rain travels over the roof in 10 seconds, which is faster than the driveway. This suggests that the roof is smoother than the driveway, as the rain is able to travel more quickly over it.

Therefore, based on James' observations, the roof is more smooth than the driveway."
7,blue window,Option 2,1,"<s> [INST] Answer this question given two options: Bill punches a green window and it needs 3 punches to break. Then he punches a blue window and he could never break it. The more powerful window is the?  Option 1: green window. Option 2: blue window [/INST]  Based on the information provided, the more powerful window is the blue window.

According to the scenario, the green window needs 3 punches to break, which means it can be broken with 3 punches. However, Bill is unable to break the blue window, which means it is more powerful than the green window and cannot be broken by any number of punches. Therefore, the blue window is the more powerful window."
13,bushes,Option 1,1,"<s> [INST] Answer this question given two options: A butterfly can fly at a speed of 6 miles per hour through open air and 10 miles per hour through bushes. This means the butterfly creates less heat flying through the?  Option 1: bushes. Option 2: open air [/INST]  Based on the information provided, the butterfly creates less heat flying through the bushes.

According to the question, the butterfly can fly at a speed of 6 miles per hour through open air, which means it generates a certain amount of heat due to its motion. However, when flying through bushes, the butterfly's speed increases to 10 miles per hour, which means it generates more heat due to the increased air resistance.

Therefore, the option that results in the butterfly creating less heat is option 1: bushes."
16,floor,Option 2,0,"<s> [INST] Answer this question given two options: When the receipt slid across the sales counter it went a distance of 167 cm and 123 cm when it slid across the floor. This means the _____ was the smoother of the two surfaces?  Option 1: sales counter. Option 2: floor [/INST]  Based on the information provided, the sales counter was the smoother of the two surfaces.

The distance the receipt slid across the sales counter (167 cm) is greater than the distance it slid across the floor (123 cm), indicating that the sales counter was smoother. Therefore, Option 1 (sales counter) is the correct answer."
17,the male,Option 1,0,"<s> [INST] Answer this question given two options: Two robins were flying south at the same velocity. The male robin stopped to rest on a tree after 3 hours but the female stopped to rest just after 42 mins. Which robin covered more distance??  Option 1: the male. Option 2: the female [/INST]  To solve this problem, we need to use the concept of relative velocity. The relative velocity between the two robins is the velocity of the female robin minus the velocity of the male robin.

Let's assume the velocity of the male robin is ""m"" km/h and the velocity of the female robin is ""f"" km/h. Since both robins are flying south at the same velocity, the relative velocity between them is:

Relative velocity = f - m

Since the male robin stopped to rest after 3 hours, he traveled a distance of:

Distance = Speed x Time = m x 3 = 3m km

On the other hand, the female robin stopped to rest after 42 minutes, so she traveled a distance of:

Distance = Speed x Time = f x 42 = 42f km

Now, we need to find out which robin covered more distance. To do this, we can divide the distance traveled by each robin by their relative velocity:

Male robin: Distance / Relative velocity = 3m / (f - m)
Female robin: Distance / Relative velocity = 42f / (f - m)

Solving for the relative velocity, we get:

f - m = 3 / 42

f = 5m

Therefore, the female robin covered more distance than the male robin."
19,rocky yard,Option 1,1,"<s> [INST] Answer this question given two options: A boxer dog can run at a speed of  30 mph in a swept yard, and 20 mph in a rocky yard. This means the _____ is more rough?  Option 1: rocky yard. Option 2: swept yard [/INST]  Based on the information provided, the rocky yard is more rough than the swept yard.

According to the passage, a boxer dog can run at a speed of 30 mph in a swept yard, which suggests that the surface is relatively smooth and easy to run on. In contrast, the passage states that a boxer dog can run at a speed of 20 mph in a rocky yard, which implies that the surface is more difficult and rougher to run on. Therefore, option 2 (rocky yard) is the correct answer."
24,watermelon,Option 1,-1,"<s> [INST] Answer this question given two options: An apple is sitting 5 meter away from Harry, and a watermelon is sitting 11 feet away. Which item looks larger??  Option 1: watermelon. Option 2: apple [/INST]  Both options are incorrect.

The apple is actually closer to Harry than the watermelon. The apple is 5 meters away, while the watermelon is 11 feet away, which is equivalent to 3.3 meters (since there are 3 feet in 1 meter). So, the apple looks larger than the watermelon.

Option 1 is incorrect because the watermelon is actually closer to Harry than the apple.

Option 2 is incorrect because the apple is closer to Harry than the watermelon, not the other way around."
25,tile floor.,Option 2,1,"<s> [INST] Answer this question given two options: Taylor pushes her shopping cart over a tile floor then over a door mat. The shopping cart moves at a speed of 16 m/s over the door mat and at a speed of 23 m/s on the tile floor as a result of there being less friction on the?  Option 1: door mat. Option 2: tile floor. [/INST]  Based on the information provided, the shopping cart moves faster over the door mat than over the tile floor. Therefore, the correct answer is:

Option 2: Tile floor.

As the shopping cart moves over the tile floor, it encounters more friction than over the door mat, resulting in a slower speed."
32,sales counter,Option 1,0,"<s> [INST] Answer this question given two options: When the receipt slid across the sales counter it went a distance of 1 m and 45 cm when it slid across the floor. This means the _____ was the smoother of the two surfaces?  Option 1: sales counter. Option 2: floor [/INST]  To determine which surface was smoother, we need to compare the distance traveled by the receipt on each surface.

The receipt traveled a distance of 1 m and 45 cm when it slid across the sales counter.

The distance traveled by the receipt on the floor was 45 cm.

Therefore, the floor was the smoother of the two surfaces, as it took the receipt less distance to travel the same distance."
34,rusted tracks,Option 1,-1,"<s> [INST] Answer this question given two options: A trolley experiences friction force of 247 N when cruising along new tracks and friction force of half of 342 N when trundling along rusted tracks. This means the trolley can go a greater distance on the?  Option 1: rusted tracks. Option 2: new tracks [/INST]  To determine the distance the trolley can go on each set of tracks, we need to calculate the total force acting on the trolley for each set of tracks.

For the new tracks, the friction force is 247 N. Therefore, the total force acting on the trolley on the new tracks is:

Total force = Friction force = 247 N

For the rusted tracks, the friction force is half of 342 N, which is:

Friction force = 0.5 x 342 N = 171 N

Therefore, the total force acting on the trolley on the rusted tracks is:

Total force = Friction force = 171 N

Now, we can use the formula:

Distance = Force x Speed

to find the distance the trolley can go on each set of tracks:

Distance (new tracks) = Total force x Speed
= 247 N x?

Distance (rusted tracks) = Total force x Speed
= 171 N x?

Since the trolley is traveling at a constant speed on both sets of tracks, we can use the same speed for both calculations:

Speed = 5 m/s

Now we can plug the values into the formulas:

Distance (new tracks) = 247 N x 5 m/s ="
35,shorter,Option 1,0,"<s> [INST] Answer this question given two options: A bowling ball can be thrown down a gree alley or a yellow alley. When it goes down the green alley, it generates 14 J heat and when it is thrown down the yellow alley it generates 6 J. Compared to the yellow alley, the bowling ball thrown down the green alley will go a distance that is?  Option 1: shorter. Option 2: farther [/INST]  To solve this problem, we need to use the concept of work and energy. The work done on the bowling ball by the friction in the two alleys can be calculated using the following formula:

Work = Force x Distance

In this case, the force acting on the bowling ball is equal to the weight of the ball, which is approximately 0.1 kg for a standard bowling ball. The distance traveled by the ball in each alley can be calculated using the following formulas:

Distance = Work / Force

For the green alley:

Distance = 14 J / 0.1 kg = 14 m

For the yellow alley:

Distance = 6 J / 0.1 kg = 6 m

Now, we need to compare the distances traveled by the bowling ball in each alley. The distance traveled by the ball in the green alley is longer than the distance traveled by the ball in the yellow alley, so the correct answer is:

Option 2: farther

Therefore, the bowling ball thrown down the green alley will go a distance that is farther than the distance it goes in the yellow alley."
37,farther,Option 2,-1,"<s> [INST] Answer this question given two options: A bowling ball can be thrown down a gree alley or a yellow alley. When it goes down the green alley, it generates 3 J heat and when it is thrown down the yellow alley it generates 2 KJ. Compared to the yellow alley, the bowling ball thrown down the green alley will go a distance that is?  Option 1: shorter. Option 2: farther [/INST]  To solve this problem, we need to use the principle of conservation of energy, which states that the total energy of an object remains constant in a closed system. In this case, the energy of the bowling ball is given by the equation:

E = 3J + 2KJ

where E is the energy of the bowling ball, J is the energy generated by the ball as it travels down the green alley, and K is the energy generated by the ball as it travels down the yellow alley.

Since the total energy of the bowling ball is constant, we can set up the following equation:

3J + 2KJ = E

Solving for J, we get:

J = E - 2KJ

Now, we are given that the energy of the bowling ball when it goes down the green alley is 3J, and the energy of the bowling ball when it goes down the yellow alley is 2KJ. Substituting these values into the equation above, we get:

3J = E - 2KJ

Subtracting 2KJ from both sides gives us:

J = E - 2KJ

Now, we are asked to compare the distance traveled by the bowling ball when it is thrown down the green alley versus the yellow"
40,slower,Option 1,0,"<s> [INST] Answer this question given two options: The lamborghini weighs 1649 Kg and the class 1 light truck weighs around 1386 Kg so in the race lamborghini accelerated?  Option 1: slower. Option 2: faster [/INST]  Based on the information provided, the Lamborghini weighs 1649 kg and the class 1 light truck weighs around 1386 kg. To determine which vehicle accelerated faster in a race, we need to calculate their acceleration rates.

Assuming both vehicles start from rest and accelerate at the same rate, we can use the following formula to calculate their acceleration:

Acceleration = Change in velocity / Time taken

For the Lamborghini:

Change in velocity = 1649 kg x 9.8 m/s^2 (acceleration due to gravity) = 1617.2 m/s^2
Time taken = Distance / Acceleration = 0 m (starting from rest) / 1617.2 m/s^2 = 0 s

For the class 1 light truck:

Change in velocity = 1386 kg x 9.8 m/s^2 = 1353.2 m/s^2
Time taken = Distance / Acceleration = 0 m (starting from rest) / 1353.2 m/s^2 = 0 s

Since both vehicles accelerated at the same rate (9.8 m/s^2), they both reached their top speed in 0 seconds. Therefore, the correct answer is:

Option 2: Faster

So, the Lamborg"
46,shorter,Option 1,-1,"<s> [INST] Answer this question given two options: A bowling ball can be thrown down a gree alley or a yellow alley. When it goes down the green alley, it generates 0.2 KJ heat and when it is thrown down the yellow alley it generates 0.06 KJ. Compared to the yellow alley, the bowling ball thrown down the green alley will go a distance that is?  Option 1: shorter. Option 2: farther [/INST]  To solve this problem, we need to use the concept of work and energy. The work done on the bowling ball by the friction in the alley is given by the formula:

Work = Force x Distance

In this case, the force acting on the bowling ball is equal to the weight of the ball, which is approximately 0.25 kg x 9.8 m/s^2 (assuming the ball is made of a material with a density of approximately 1.3 g/cm^3).

For the green alley, the distance traveled by the bowling ball is 0.2 KJ, so the work done on the ball is:

Work (green alley) = Force x Distance = 0.25 kg x 9.8 m/s^2 x 0.2 km = 0.048 J

For the yellow alley, the distance traveled by the bowling ball is 0.06 KJ, so the work done on the ball is:

Work (yellow alley) = Force x Distance = 0.25 kg x 9.8 m/s^2 x 0.06 km = 0.0072 J

Since the work done on the ball is greater in the green alley"
48,floor,Option 2,1,"<s> [INST] Answer this question given two options: When the receipt slid across the sales counter it went a distance of 4 meters and 2 meter when it slid across the floor. This means the _____ was the rougher of the two surfaces?  Option 1: sales counter. Option 2: floor [/INST]  Based on the information provided, the rougher surface is the floor.

The receipt slid a distance of 4 meters across the sales counter, which means it traveled a distance of 4 meters in a straight line. However, when it slid across the floor, it traveled an additional distance of 2 meters, for a total distance of 6 meters. This suggests that the floor was rougher than the sales counter, as the receipt had to travel a longer distance on the floor to cover the same distance. Therefore, Option 2 (the floor) is the rougher of the two surfaces."
49,swept yard,Option 2,0,"<s> [INST] Answer this question given two options: A boxer dog can run at a speed of 48 mph in a swept yard, and 37 mph in a rocky yard. This means the _____ is less rough?  Option 1: rocky yard. Option 2: swept yard [/INST]  Based on the information provided, the rocky yard is less rough than the swept yard.

According to the passage, a boxer dog can run at a speed of 48 mph in a swept yard, which means the surface is smooth and flat. In contrast, the boxer dog can run at a speed of 37 mph in a rocky yard, which is a rougher surface. Therefore, option 2 (rocky yard) is the correct answer."
50,blue window,Option 2,1,"<s> [INST] Answer this question given two options: Bill punches a green window and it needs 2 punches to break. Then he punches a blue window and it needs 2 punches each from him and his friend to break. The more powerful window is the?  Option 1: green window. Option 2: blue window [/INST]  Given the information provided, the more powerful window is the blue window.

Option 1: Green window

* Bill punches a green window and it needs 2 punches to break.
* Bill punches the green window and it breaks.

Option 2: Blue window

* Bill punches a blue window and it needs 2 punches each from him and his friend to break.
* Bill punches the blue window and it breaks.

In both cases, the window breaks after 2 punches, so they are equally powerful. However, since Bill punches the blue window with his friend's help, it is more powerful than the green window that Bill punched alone. Therefore, the more powerful window is the blue window."
53,pavement,Option 2,0,"<s> [INST] Answer this question given two options: John noticed that his train moved at a speed of 24 kph on pavement and at 24 mph when placed on some train tracks. The train generated more heat on?  Option 1: tracks. Option 2: pavement [/INST]  Based on the information provided, the train generated more heat on the tracks.

The speed of the train on pavement was 24 kph, which is approximately 15 mph. On the train tracks, the speed was 24 mph, which is the same as the speed on the pavement. However, the train generates more heat when it is moving at a higher speed, which is the case on the tracks compared to the pavement. Therefore, option 2: tracks is the correct answer."
60,tile floor.,Option 2,0,"<s> [INST] Answer this question given two options: Taylor pushes her shopping cart over a tile floor then over a door mat. The shopping cart moves at a speed of 26 m/s over the door mat and at a speed of 19 m/s on the tile floor as a result of there being less friction on the?  Option 1: door mat. Option 2: tile floor. [/INST]  Based on the information provided, the shopping cart moves faster over the door mat than over the tile floor. Therefore, the correct answer is:

Option 1: door mat.

The shopping cart moves at a speed of 26 m/s over the door mat, and at a speed of 19 m/s over the tile floor. This means that the door mat provides less friction than the tile floor, causing the cart to move faster over the door mat."
63,beetle,Option 1,0,"<s> [INST] Answer this question given two options: If Jimbo is 21 feet away from a beetle and 903 feet away from a grasshopper, which insect will seem bigger to him??  Option 1: beetle. Option 2: grasshopper [/INST]  To determine which insect will seem bigger to Jimbo, we need to use the concept of perspective in visual perception.

When Jimbo is 21 feet away from the beetle, the beetle will appear smaller to him compared to when he is 903 feet away from the grasshopper. This is because the farther Jimbo is from an object, the smaller it appears.

Therefore, the option that seems bigger to Jimbo is Option 2: grasshopper."
68,more,Option 1,0,"<s> [INST] Answer this question given two options: Milo can slide his coaster at a speed of 0.6 m/s over his coffee table and with a speed of 1.8 m/s over his dining table. This means the coaster will heat up _____ over the coffee table then over the dining table?  Option 1: more. Option 2: less [/INST]  Given the information provided, the coaster will heat up less over the dining table than over the coffee table.

Option 2: less

Explanation:

When Milo slides the coaster over the coffee table at a speed of 0.6 m/s, the coaster will cover a distance of:

Distance = Speed x Time = 0.6 m/s x 2 seconds = 1.2 meters

Since the coaster is made of a material that can absorb heat, it will heat up during the journey. The amount of heat absorbed can be calculated using the formula:

Heat absorbed = Distance x Heat capacity

Heat capacity is a property of the material and is typically measured in Joules per kilogram (J/kg). For a typical coaster material, the heat capacity is around 0.1 J/kg.

Heat absorbed = 1.2 meters x 0.1 J/kg = 0.12 J

Now, when Milo slides the coaster over the dining table at a speed of 1.8 m/s, the coaster will cover a distance of:

Distance = Speed x Time = 1.8 m/s x 2 seconds = 3.6 meters

Again, the coaster will absorb heat during the journey, and the amount of heat absorbed can be calculated using"
72,car.,Option 2,0,"<s> [INST] Answer this question given two options: A traveler wants to go between cities in Japan. She does some research and sees that a bullet train can go at a speed of 8 meters/sec and a car can go at 29 meters/sec. If she wants to spend less time in her trip from city to city, which should she choose??  Option 1: bullet train. Option 2: car. [/INST]  To spend less time on a trip from city to city in Japan, the traveler should choose the bullet train.

The bullet train can travel at a speed of 8 meters per second, which is much slower than the speed of a car, which can travel at 29 meters per second. This means that the bullet train will take longer to cover the same distance as a car.

For example, let's say the distance between the two cities is 100 kilometers. If the traveler takes the bullet train, it will take 100/8 = 12.5 hours to cover the distance. If the traveler takes a car, it will take 100/29 = 3.4 hours to cover the distance.

Therefore, the bullet train will take longer to reach the destination than the car, so the traveler should choose the car if they want to spend less time on their trip."
76,Less friction,Option 2,1,"<s> [INST] Answer this question given two options: The bus driver drove at the speed of 48 km per hour on the dirt road and 29 km per hour on the unpaved road, because the dirt road has?  Option 1: more friction. Option 2: Less friction [/INST]  Based on the information provided, the bus driver drove at a slower speed on the unpaved road (29 km/h) than on the dirt road (48 km/h). This suggests that the unpaved road had:

Option 2: Less friction.

The unpaved road had less friction than the dirt road, which allowed the bus to travel faster on the dirt road. Friction is the resistance that occurs when a vehicle moves over a surface, and it is affected by the surface's texture, roughness, and moisture content. Unpaved roads typically have less friction than paved roads because they are rougher and have more irregularities, which can cause the vehicle to lose traction and slow down."
84,slope,Option 1,0,"<s> [INST] Answer this question given two options: A cherry rolling down a slope can roll a distance of 43 cm and the one rolling on flat ground can roll 12 cm. The cherry will heat up less on?  Option 1: slope. Option 2: flat ground [/INST]  Based on the information provided, the cherry will heat up less on flat ground.

The distance the cherry can roll on flat ground is 12 cm, which is less than the distance it can roll on a slope of 43 cm. This means that the cherry will experience more friction and resistance when rolling on flat ground, which will cause it to heat up more. On the other hand, the cherry will experience less friction and resistance when rolling on a slope, which will cause it to heat up less. Therefore, option 2: flat ground is the correct answer."
89,bullet train,Option 1,1,"<s> [INST] Answer this question given two options: A traveler wants to go between cities in Japan. She does some research and sees that a bullet train can cover 29 kms in an hour and a car can cover 10 kms in an hour. If she wants to spend less time in her trip from city to city, which should she choose??  Option 1: bullet train. Option 2: car. [/INST]  To spend less time on the trip from city to city, the traveler should choose the bullet train.

The bullet train can cover 29 kms in an hour, which means it can travel 29/1 = 29 kilometers per hour.

On the other hand, the car can cover 10 kms in an hour, which means it can travel 10/1 = 10 kilometers per hour.

Therefore, the bullet train will take less time to cover the same distance as the car, so it is the better option for the traveler who wants to spend less time on the trip."
90,pavement,Option 2,0,"<s> [INST] Answer this question given two options: John noticed that his train moved at a speed of 10 kph on pavement and at 60 kph when placed on some train tracks. The train generated more heat on?  Option 1: tracks. Option 2: pavement [/INST]  Based on the information provided, the train generated more heat on the tracks.

The speed of the train on the tracks (60 kph) is higher than the speed on the pavement (10 kph), which means the train is moving faster and generating more kinetic energy. As the train moves faster, it also generates more frictional heat due to the resistance it encounters from the tracks. Therefore, option 2: tracks is the correct answer."
96,slower,Option 2,1,"<s> [INST] Answer this question given two options: The car had a weight of 26780 pounds and the full dump truck had a weight of 1800 kgs. Therefore, the car accelerated?  Option 1: faster. Option 2: slower [/INST]  To determine which option is correct, we need to convert the weight of the car and the dump truck to the same unit.

1800 kg is equal to approximately 3970 pounds, so the weight of the dump truck is:

1800 kg = 3970 lb

Now, we can calculate the acceleration of the car:

Acceleration = (Change in velocity) / (Time taken)

Let's assume the car accelerated from a standstill to a speed of 60 mph (96.5 km/h) in 5 seconds.

Change in velocity = 60 mph - 0 mph = 60 mph

Time taken = 5 seconds

Acceleration = (60 mph) / (5 seconds) = 12 mph/s

Now, we can compare the acceleration of the car with the weight of the dump truck:

Acceleration of the car = 12 mph/s

Weight of the dump truck = 3970 lb

Therefore, the car accelerated faster than the weight of the dump truck.

So, the correct answer is:

Option 1: Faster."
100,sales counter,Option 1,1,"<s> [INST] Answer this question given two options: When the receipt slid across the sales counter it went a distance of 300 cm and 245 cm when it slid across the floor. This means the _____ was the smoother of the two surfaces?  Option 1: sales counter. Option 2: floor [/INST]  Based on the information provided, the sales counter was the smoother of the two surfaces.

The distance the receipt slid across the sales counter (300 cm) is greater than the distance it slid across the floor (245 cm), indicating that the sales counter was smoother. Therefore, Option 1 (sales counter) is the correct answer."
101,bowling ball,Option 2,-1,"<s> [INST] Answer this question given two options: Janna was playing with her softball and her bowling ball. She noted that the bowling ball had a mass of 4 ounces and her softball weighed 2 ounces . Which ball had stronger gravity??  Option 1: softballl. Option 2: bowling ball [/INST]  To determine which ball has stronger gravity, we need to calculate the gravitational force (or weight) of each ball.

The gravitational force is given by the equation:

F = G \* m \* M / r^2

where:

* F is the gravitational force (in Newtons)
* G is the gravitational constant (6.67408e-11 N m^2 kg^-2)
* m is the mass of the object (in kg)
* M is the mass of the Earth (in kg)
* r is the distance between the object and the center of the Earth (in meters)

For the softball:

m = 2 ounces = 0.02 kg
M = 5.97 x 10^24 kg (the mass of the Earth)
r = 0.02 meters (the distance between the softball and the center of the Earth)

F = G \* m \* M / r^2 = 6.67408e-11 N m^2 kg^-2 \* 0.02 kg \* 5.97 x 10^24 kg / (0.02 m)^2 = 0.000000002 N

For the bowling ball:

m = 4 ounces = 0.04 kg
M = "
102,asphalt,Option 2,0,"<s> [INST] Answer this question given two options: Tony has a beach ball that he loves to play with. He notices that the beach ball travels for 26.24 yards when he kicks it across the asphalt road and 13 meters when he kicks it across the gravel road. If he kicks it with the same force in each situation, which road is more smooth??  Option 1: gravel. Option 2: asphalt [/INST]  To determine which road is more smooth, we need to compare the distance traveled by the beach ball on each road.

According to the question, the beach ball traveled 26.24 yards when kicked across the asphalt road and 13 meters when kicked across the gravel road. To convert meters to yards, we can use the conversion factor of 1 yard = 0.9144 meters.

So, the beach ball traveled 28.76 yards (26.24 yards x 1.0914 meters/yard) when kicked across the asphalt road and 14.3 meters (13 meters x 1.0914 meters/yard) when kicked across the gravel road.

Therefore, the gravel road is more smooth than the asphalt road, as the beach ball traveled farther on the gravel road. Option 2: gravel is the correct answer."
104,faster,Option 1,1,"<s> [INST] Answer this question given two options: The car had a weight of 3270 pounds and the full dump truck had a weight of 38794 kgs. Therefore, the car accelerated?  Option 1: faster. Option 2: slower [/INST]  To determine which option is correct, we need to convert the weight of the car and the dump truck from pounds to kilograms.

1 pound = 0.453592 kilograms

So, the weight of the car in kilograms is:

3270 pounds = 3270 x 0.453592 = 1457.6 kilograms

And the weight of the dump truck in kilograms is:

38794 pounds = 38794 x 0.453592 = 170977.6 kilograms

Now, let's compare the weights of the car and the dump truck:

Car: 1457.6 kilograms
Dump truck: 170977.6 kilograms

Since the weight of the car is less than the weight of the dump truck, the car will accelerate faster. Therefore, the correct answer is:

Option 1: faster."
105,driveway.,Option 2,0,"<s> [INST] Answer this question given two options: James is watching it rain one day. He notices that the rain travels over the driveway in 13 secs and the bumpy shingles of his house's roof in 28 secs, the driveway and the shingles are almost similar in size. Which surface is more smooth?  Option 1: roof. Option 2: driveway. [/INST]  Based on the information provided, the surface that is more smooth is the roof.

According to the question, the rain travels over the driveway in 13 seconds, which means that the driveway is rougher than the roof. The question also states that the bumpy shingles of James' house are 28 seconds faster than the driveway, which means that the shingles are smoother than the driveway.

Therefore, option 1 (roof) is the correct answer."
106,door mat,Option 1,0,"<s> [INST] Answer this question given two options: Taylor pushes her shopping cart over a tile floor then over a door mat. The shopping cart moves at a speed of 12 m/s over the door mat and at a speed of 19 m/s on the tile floor as a result of there being more friction on the?  Option 1: door mat. Option 2: tile floor. [/INST]  Based on the information provided, the shopping cart moves faster over the door mat than over the tile floor. Therefore, the correct answer is:

Option 2: Tile floor.

As the shopping cart moves over the tile floor, it encounters more friction than over the door mat, resulting in a slower speed."
111,business card,Option 1,1,"<s> [INST] Answer this question given two options: A business card has a thickness of 1.2 cm and a cardboard sheet is of 1 inch thick. This means that the _____ is less strong?  Option 1: business card. Option 2: cardboard sheet [/INST]  Based on the information provided, the business card is less strong than the cardboard sheet.

The business card has a thickness of 1.2 cm, which is equivalent to 0.47 inches. This means that the business card is thinner than the cardboard sheet, which is 1 inch thick. Therefore, the business card is less strong than the cardboard sheet.

Option 1: Business card."
113,Less friction,Option 2,1,"<s> [INST] Answer this question given two options: The bus driver drove at the speed of 32 miles per hour on the dirt road and 39 km per hour on the unpaved road, because the dirt road has?  Option 1: more friction. Option 2: Less friction [/INST]  Based on the information provided, the bus driver drove at a slower speed on the unpaved road (39 km/h) than on the dirt road (32 miles/h). Therefore, the correct answer is:

Option 2: Less friction.

The unpaved road had less friction than the dirt road, which is why the bus driver drove slower on the unpaved road."
114,flat ground,Option 2,0,"<s> [INST] Answer this question given two options: A cherry rolling down a slope can roll a distance of 56 m and the one rolling on flat ground can roll 4 m. The cherry will heat up more on?  Option 1: slope. Option 2: flat ground [/INST]  Based on the information provided, the cherry will heat up more on the slope.

The distance the cherry can roll on a slope is 56 m, while the distance it can roll on flat ground is 4 m. This means that the cherry will cover more distance on the slope than on flat ground, which means it will experience more friction and heat up more. Therefore, option 1 (slope) is the correct answer."
116,bullet train,Option 1,1,"<s> [INST] Answer this question given two options: A traveler wants to go between cities in Japan. She does some research and sees that a bullet train can go at a speed of 80 meters/sec and a car can go at 29 meters/sec. If she wants to spend less time in her trip from city to city, which should she choose??  Option 1: bullet train. Option 2: car. [/INST]  To spend less time on a trip from city to city in Japan, the traveler should choose the bullet train.

The bullet train can travel at a speed of 80 meters per second, which is much faster than the speed of a car, which is 29 meters per second. This means that the bullet train will take less time to cover the same distance as a car.

For example, if the distance between the two cities is 100 kilometers, the bullet train would take approximately 2 hours to cover that distance, while a car would take around 4 hours to cover the same distance. By choosing the bullet train, the traveler can save a significant amount of time on their trip."
117,bullet train,Option 1,1,"<s> [INST] Answer this question given two options: A traveler wants to go between cities in Japan. She does some research and sees that a bullet train can go at a speed of 8 miles/hour and a car can go at 2 meters/sec. If she wants to spend less time in her trip from city to city, which should she choose??  Option 1: bullet train. Option 2: car. [/INST]  To spend less time on a trip from city to city in Japan, the traveler should choose the bullet train.

The bullet train can travel at a speed of 8 miles per hour, which is much faster than the speed of a car, which is 2 meters per second. This means that the bullet train will take less time to cover the same distance as a car.

For example, if the distance between the two cities is 100 miles, the bullet train would take 8/100 = 0.08 hours (or 48 minutes) to travel between them, while the car would take 2/100 = 0.02 hours (or 12 minutes) to cover the same distance.

Therefore, the bullet train is the better option for the traveler who wants to spend less time on their trip."
119,blue window,Option 2,1,"<s> [INST] Answer this question given two options: Bill punches a green window and it needs 1 punch each from him and his friend to break. Then he punches a blue window and it needs 2 punches each from him and his friend to break. The more powerful window is the?  Option 1: green window. Option 2: blue window [/INST]  Given the information provided, the more powerful window is the blue window.

The green window needs 1 punch each from Bill and his friend to break, which means it takes a total of 2 punches to break.

On the other hand, the blue window needs 2 punches each from Bill and his friend to break, which means it takes a total of 4 punches to break. Therefore, the blue window is the more powerful window."
120,tracks,Option 1,1,"<s> [INST] Answer this question given two options: John noticed that his train moved at a speed of 68 mph on pavement and at 28 mph when placed on some train tracks. The train generated more heat on?  Option 1: tracks. Option 2: pavement [/INST]  Based on the information provided, the train generated more heat on the tracks.

The speed of the train on the tracks (28 mph) is lower than the speed on the pavement (68 mph), which means that the train is moving slower on the tracks than on the pavement. As the train moves slower, it will generate more heat due to friction with the tracks. Therefore, option 1, the tracks, is the correct answer."
123,faster,Option 2,-1,"<s> [INST] Answer this question given two options: The lamborghini weighs 1500 Kg and the class 6 medium truck weighs around 12000 Kg so in the race lamborghini accelerated?  Option 1: slower. Option 2: faster [/INST]  Given the information provided, the Lamborghini weighs 1500 kg and the class 6 medium truck weighs around 12000 kg. To determine which option is faster in a race, we need to calculate the acceleration of each vehicle.

Acceleration is calculated by dividing the change in velocity by the time it takes to achieve that change in velocity. In this case, let's assume the race is 100 meters long.

For the Lamborghini:

* Initial velocity = 0 km/h (since it's at rest)
* Final velocity = 100 km/h (since it needs to cover 100 meters in 10 seconds)
* Time = 10 seconds

Acceleration = (final velocity - initial velocity) / time = (100 km/h - 0 km/h) / 10 seconds = 10 km/h/s

For the class 6 medium truck:

* Initial velocity = 0 km/h (since it's at rest)
* Final velocity = 120 km/h (since it needs to cover 100 meters in 10 seconds)
* Time = 10 seconds

Acceleration = (final velocity - initial velocity) / time = (120 km/h - 0 km/h) / 10 seconds = 12 km/h/s
"
125,tracks,Option 1,1,"<s> [INST] Answer this question given two options: John noticed that his train moved at a speed of 56 kph on pavement and at 45 kph when placed on some train tracks. The train generated more heat on?  Option 1: tracks. Option 2: pavement [/INST]  Based on the information provided, the train generated more heat on the tracks.

The speed of the train on the tracks (45 kph) is lower than the speed on the pavement (56 kph), which means that the train is moving slower on the tracks than on the pavement. As the train moves slower on the tracks, it will generate more heat due to friction between the train and the tracks. Therefore, option 2: tracks is the correct answer."
126,farther,Option 2,1,"<s> [INST] Answer this question given two options: A bowling ball can be thrown down a gree alley or a yellow alley. When it goes down the green alley, it generates 3 J heat and when it is thrown down the yellow alley it generates 16 J. Compared to the yellow alley, the bowling ball thrown down the green alley will go a distance that is?  Option 1: shorter. Option 2: farther [/INST]  To solve this problem, we need to use the principle of conservation of energy, which states that the total energy of an object remains constant as it moves through a system. In this case, the energy of the bowling ball is given by the equation:

E = 3J (for the green alley) or E = 16J (for the yellow alley)

We know that the bowling ball is thrown down the green alley, so the energy it has at the beginning of its motion is 3J. We also know that the energy it has at the end of its motion is 0J, because it has lost all its kinetic energy as it comes to rest. Therefore, the distance the bowling ball travels can be calculated as:

Distance = (Initial energy - Final energy) / (Kinetic energy at final velocity)

Substituting the values given in the problem, we get:

Distance = (3J - 0J) / (0.5J) = 6J

Therefore, the distance the bowling ball travels when thrown down the green alley is 6J.

Option 1 is incorrect, because the distance the bowling ball travels in the green alley is longer than the distance it travels in the yellow alley.

Option 2 is correct, because the bowling ball travel"
131,asphalt,Option 2,0,"<s> [INST] Answer this question given two options: Tony has a beach ball that he loves to play with. He notices that the beach ball travels for 6 meters when he kicks it across the asphalt road and 4 meters when he kicks it across the gravel road. If he kicks it with the same force in each situation, which road is more smooth??  Option 1: gravel. Option 2: asphalt [/INST]  To determine which road is more smooth, we need to compare the distance the beach ball travels on each road.

On the gravel road, the beach ball travels 4 meters when kicked across it.
On the asphalt road, the beach ball travels 6 meters when kicked across it.

Therefore, the gravel road is more smooth than the asphalt road, as the beach ball travels farther on the gravel road given the same amount of force."
136,Less friction,Option 2,1,"<s> [INST] Answer this question given two options: The bus driver drove at the speed of 50 km per hour on the dirt road and 30 km per hour on the unpaved road, because the dirt road has?  Option 1: more friction. Option 2: Less friction [/INST]  Based on the information provided, the bus driver drove at a slower speed on the unpaved road (30 km/h) than on the dirt road (50 km/h). This suggests that the unpaved road had:

Option 2: Less friction.

The unpaved road had less friction than the dirt road, which is why the bus driver was able to travel faster on the dirt road despite the rougher terrain. Friction is the force that opposes motion, and it is typically higher on rough or uneven surfaces than on smooth ones. Therefore, the bus driver was able to maintain a higher speed on the dirt road due to the lower friction provided by the rough terrain."
140,roof,Option 1,1,"<s> [INST] Answer this question given two options: James is watching it rain one day. He notices that the rain travels over the driveway in 25 secs and the bumpy shingles of his house's roof in 120 secs, the driveway and the shingles are almost similar in size. Which surface is more rough?  Option 1: roof. Option 2: driveway. [/INST]  Based on the information provided, the bumpy shingles of James' house are more rough than the driveway.

According to the question, the rain travels over the driveway in 25 seconds, which means that the driveway is rougher than the shingles. The shingles take twice as long to travel over, which means they are rougher than the driveway. Therefore, option 2 (the bumpy shingles) is the correct answer."
141,slope,Option 1,1,"<s> [INST] Answer this question given two options: A cherry rolling down a slope can roll a distance of 100 m and the one rolling on flat ground can roll 30 m. The cherry will heat up less on?  Option 1: slope. Option 2: flat ground [/INST]  Based on the information provided, the cherry will heat up less on the slope.

The distance the cherry can roll on a slope is 100 m, which is greater than the distance it can roll on flat ground (30 m). This means that the cherry will have to roll a longer distance on the slope to reach the same distance as it would on flat ground. As a result, the cherry will experience more friction and heat buildup on the flat ground, compared to the slope. Therefore, option 1 (slope) is the correct answer."
146,softballl,Option 1,-1,"<s> [INST] Answer this question given two options: Janna was playing with her softball and her bowling ball. She noted that the bowling ball had a mass of 32 ounces and her softball weighed 4 ounces . Which ball had weaker gravity??  Option 1: softballl. Option 2: bowling ball [/INST]  To determine which ball has weaker gravity, we need to calculate the gravitational force acting on each ball. The gravitational force is given by the equation:

F = G \* m \* M / r^2

where:

* F is the gravitational force
* G is the gravitational constant (6.67408e-11 N m^2 kg^-2)
* m is the mass of the object
* M is the mass of the Earth (5.97237e24 kg)
* r is the distance between the object and the center of the Earth

For the softball:

m = 4 ounces = 0.0625 kg
r = distance between the softball and the center of the Earth = 0.00000625 km (assuming Janna is holding the softball at a distance of 1 meter from her body)

F = G \* m \* M / r^2 = 6.67408e-11 N m^2 kg^-2 \* 0.0625 kg \* 5.97237e24 kg / (0.00000625 km)^2 = 0.00000000625 N

For the bowling ball:

m = 32 ounces = 0"
149,Elliot,Option 1,0,"<s> [INST] Answer this question given two options: Elliot weighs 82 Kgs whereas Leon weighs 167 pounds. Who has a bigger gravity pull??  Option 1: Elliot. Option 2: Leon [/INST]  To determine who has a bigger gravity pull, we need to calculate their body mass index (BMI). BMI is a measure of a person's weight in relation to their height.

Elliot weighs 82 kg, which is equivalent to 179 pounds.
Leon weighs 167 pounds, which is equivalent to 75 kg.

Using the formula: BMI = weight (in kg) / height (in meters) squared, we can calculate their BMIs:

Elliot's BMI = 179 / (1.7 m) squared = 24.5
Leon's BMI = 75 / (1.7 m) squared = 24.8

As you can see, both Elliot and Leon have a BMI of approximately 24.5, which means they are both of normal weight. Therefore, neither of them has a bigger gravity pull.

So, the correct answer is: Option 2: Leon."
150,Less friction,Option 2,1,"<s> [INST] Answer this question given two options: The bus driver drove at the speed of 38 miles per hour on the dirt road and 37 km per hour on the unpaved road, because the dirt road has?  Option 1: more friction. Option 2: Less friction [/INST]  Based on the information provided, the bus driver drove at a slower speed on the unpaved road (37 km/h) than on the dirt road (38 miles/h). Therefore, the correct answer is:

Option 2: Less friction.

The unpaved road had less friction than the dirt road, which is why the bus driver drove slower on the unpaved road."
151,pavement,Option 2,0,"<s> [INST] Answer this question given two options: John noticed that his train moved at a speed of 37 kph on pavement and at 76 kph when placed on some train tracks. The train generated more heat on?  Option 1: tracks. Option 2: pavement [/INST]  Based on the information provided, the train generated more heat on the tracks.

The speed of the train on the tracks (76 kph) is higher than the speed on the pavement (37 kph), which means the train is moving faster on the tracks. As the train moves faster, it will generate more heat due to friction between the wheels and the tracks. Therefore, option 1 (tracks) is the correct answer."
152,Street light that is a mile away,Option 2,0,"<s> [INST] Answer this question given two options: If John sees two identical street lights that are at a distance of 1 mile and 2 miles from him, which one will appear brighter??  Option 1: Street light that is 2 mile away. Option 2: Street light that is a mile away [/INST]  According to the principle of perspective, the street light that is 2 miles away will appear brighter than the one that is 1 mile away.

The reason for this is that the farther away an object is, the smaller it appears to the human eye. This is because the human eye has a limited ability to resolve details at a distance, and the farther away an object is, the more it is affected by the blurring effect of the atmosphere.

Therefore, the street light that is 2 miles away will appear larger and brighter than the one that is 1 mile away, even though they are both emitting the same amount of light."
153,rocky yard,Option 1,1,"<s> [INST] Answer this question given two options: A boxer dog can run at a speed of 42 mph in a swept yard, and 38 mph in a rocky yard. This means the _____ is more rough?  Option 1: rocky yard. Option 2: swept yard [/INST]  Based on the information provided, the rocky yard is more rough than the swept yard.

According to the passage, a boxer dog can run at a speed of 42 mph in a swept yard, which suggests that the surface is smooth and flat. In contrast, the passage states that the dog can run at a speed of 38 mph in a rocky yard, which implies that the surface is rough and uneven. Therefore, option 2 (rocky yard) is the correct answer."
155,softballl,Option 1,-1,"<s> [INST] Answer this question given two options: Janna was playing with her softball and her bowling ball. She noted that the bowling ball had a mass of 5 ounces and her softball weighed 8 ounces . Which ball had weaker gravity??  Option 1: softballl. Option 2: bowling ball [/INST]  To determine which ball has weaker gravity, we need to understand that gravity is a force that attracts objects towards each other. The strength of the gravitational force depends on the mass of the objects and the distance between them.

Since Janna is holding both the bowling ball and the softball, the distance between the balls and Janna is the same. Therefore, the gravitational force acting on both balls is the same.

So, neither the softball nor the bowling ball has weaker gravity. Both balls are attracted to Janna with the same strength.

Therefore, the correct answer is: Neither option 1 nor option 2."